{"cameraMode":{"drawMode":0,"name":"Shaded","section":"Shading Mode"},"sceneLighting":true,"audioPlay":false,"sceneViewState":{"m_AlwaysRefresh":false,"showFog":true,"showSkybox":true,"showFlares":true,"showImageEffects":true,"showParticleSystems":true,"showVisualEffectGraphs":true,"m_FxEnabled":true},"in2DMode":false,"pivot":{"x":-182.70089721679688,"y":-2.1405181884765627,"z":23.33280372619629},"rotation":{"x":-0.0028462179470807316,"y":0.5325801968574524,"z":-0.0016911565326154233,"w":-0.8464587926864624},"size":149.4922637939453,"orthographic":false}